sucursal,plaza_operativa
ACGP GRAN PLAZA,ACAPULCO
ACIV IMSS VICENTE GUERRERO,ACAPULCO
ACMO MOZIMBA,ACAPULCO
ACSB SIMON BOLIVAR,ACAPULCO
AGHA HAROLD R. PAPE,AGUASCALIENTES
AGJP JUAN PABLO II,AGUASCALIENTES
MMSC SAMUEL CASTAÑON,URUAPAN-ZAMORA
PEIS LOMAS PARAISO,PUEBLA FORANEAS
PEPJ PLAZA JARDINES,PUEBLA FORANEAS
TLAT ATLACOMULCO TERMINAL,TOLUCA FORANEAS
CPLM LOPEZ MATEOS,MERIDA
CPXI XIMBAL,MERIDA
CNCL COLOSIO,CANCUN
CNCT CABO CATOCHE,CANCUN
CNES ESTADIO,CANCUN
CNFR FERRY,CANCUN
CNHU HUAYACAN,CANCUN
CNIG IGLESIA,CANCUN
CNKU KUKULCAN,CANCUN
CNLA LAKIN,CANCUN
CNNO 20 DE NOVIEMBRE,CANCUN
CNPO POLIGONO SUR,CANCUN
CNPP PUNTA PIEDRA,CANCUN
CNPX PUERTO CANCUN,CANCUN
CNZH ZAZIL-HA,CANCUN
VRCL CARDEL,VERACRUZ
CPIS ISLA DE TRIS,MERIDA
TLFP SAN FELIPE DEL PROGRESO,TOLUCA FORANEAS
PECS CD SERDAN,PUEBLA FORANEAS
CLFJ FRANCISCO JUAREZ,CELAYA
CLPW PLAN DE IGUALA,CELAYA
CI28 CALLE 28,CHIHUAHUA
CIAD ADELITA,CHIHUAHUA
CICA CAMPUS,CHIHUAHUA
CICB CARBONEL,CHIHUAHUA
CICN CANTERA,CHIHUAHUA
CIDN DIVISION DEL NORTE,CHIHUAHUA
CIHU HUANCUNE,CHIHUAHUA
CIJA JARDINES DEL SAUCITO,CHIHUAHUA
CILM LAS MISIONES,CHIHUAHUA
CIME AMERICAS,CHIHUAHUA
CIOM ORTIZ MENA,CHIHUAHUA
CIPO POLITECNICO,CHIHUAHUA
CITE TECNOLOGICO,CHIHUAHUA
ACAN ANAHUAC,ACAPULCO
ACDL CLUB DE LEONES,ACAPULCO
ACIN INSURGENTES,ACAPULCO
ACLD LAZARO CARDENAS,ACAPULCO
ACVG VICENTE GUERRERO,CHILPANCINGO
CICM CAMPESTRE,CHIHUAHUA
CIOR ORTIZ RUBIO,CHIHUAHUA
JZEJ EJERCITO,CHIHUAHUA
JZGM GOMEZ MORIN,CHIHUAHUA
JZJA JAZMINES,CHIHUAHUA
JZLM LOPEZ MATEOS 2,CHIHUAHUA
JZLR LA RAZA,CHIHUAHUA
JZLT LA CUESTA TEC,CHIHUAHUA
JZLZ LA ZARZANA,CHIHUAHUA
JZMO MONUMENTAL,CHIHUAHUA
JZPL PLUTARCO,CHIHUAHUA
JZPR PRADERA,CHIHUAHUA
JZPT PLAZA LAS TORRES,CHIHUAHUA
JZTC TECNOLOGICO 2,CHIHUAHUA
JZTR PASEO TRIUNFO,CHIHUAHUA
JZVG VICENTE GUERRERO,CHIHUAHUA
JZZA ZARAGOZA,CHIHUAHUA
COCA CARRANZA,COATZACOALCOS
VLCR CORREGIDORA,TABASCO
CBCM DOS CAMINOS,CORDOBA
CLPJ PASEO DE LA JUVENTUD,CELAYA
CNGC GLORIETA CARACOL,CANCUN
CNPQ PEDRO JOAQUIN,CANCUN
CACT CENTRAL DE ABASTO,CUERNAVACA
CAIN INSURGENTES,CUAUTLA
CAJA JANITZIO,CUERNAVACA
CASE SEGURO,CUAUTLA
CEFN LAS FINCAS,CUERNAVACA
CEIG IGUALA,CUERNAVACA
CEM2 RIO MAYO II,CUERNAVACA
CENF NUEVA FRANCIA,CUERNAVACA
CLAE AEROPUERTO,CULIACAN
CLAF ANGEL FLORES,CULIACAN
CLAJ ARJONA II,CULIACAN
CLAO ALVARO,CULIACAN
CLBR BORBOA,CULIACAN
CLCA CALZADA,CULIACAN
CLCD CEDROS,CULIACAN
CLCH CIUDADES HERMANAS,CULIACAN
CLCP COLINAS DEL PARQUE,CULIACAN
CLFB FRANCISCO LABASTIDA,CULIACAN
CLFM FRANCISCO I MADERO,CULIACAN
CLFX FELIX CASTRO,CULIACAN
CLJL JOSE LIMON,CULIACAN
CLPI PEDRO INFANTE,CULIACAN
CLQN LA CONQUISTA,CULIACAN
CLTN TENORIO,CULIACAN
CLTR TRES RIOS,CULIACAN
CLUS USE II,CULIACAN
CLZP ZAPATA II,CULIACAN
MXAP APATLACO,MEXICO CENTRO
MXBN LUIS BARRAGAN,MEXICO CENTRO
MXD1 DEL VALLE CENTRO,MEXICO CENTRO
MXES LA ESPIGA,MEXICO CENTRO
MXFA FLORENCIA,DF CENTRO
MXHG HOSPITAL GENERAL,DF CENTRO
MXLD LOPE DE VEGA,MEXICO CENTRO
MXMP MARIO PANI,MEXICO CENTRO
MXNL NUEVO LEON,MEXICO CENTRO
MXPC POLANCO,MEXICO CENTRO
MXSB SAN BORJA,MEXICO CENTRO
MXSC SCOP,MEXICO CENTRO
MXSI SIGLO XXI,MEXICO CENTRO
MXVL VALLADOLID,MEXICO CENTRO
MXVU VALLE SUR,MEXICO CENTRO
MXAB ARBOLEDAS,MEXICO NORTE
MXBE BELLAVISTA,MEXICO NORTE
MXCU CUAUTITLAN,MEXICO NORTE
MXCV CONVENTO DEL CARMEN,MEXICO NORTE
MXEC ECHEGARAY,DF NORTE
MXEO ECONOMISTAS,MEXICO NORTE
MXGB GUSTAVO BAZ,MEXICO NORTE
MXJM JESUS DEL MONTE,MEXICO NORTE
MXLA LA ABEJA,DF NORTE
MXPP PUNTA HERRADURA,MEXICO NORTE
MXUT SATELITE CIRCUITO,MEXICO NORTE
MXCA CHALCO CUAUHTEMOC,DF ORIENTE
MXCD CONDOR,MEXICO ORIENTE
MXCW CALLE 4,MEXICO ORIENTE
MXHL CHALCO CENTRO,DF ORIENTE
MXHS HUERTAS,DF ORIENTE
MXIT IXTAPALUCA,MEXICO ORIENTE
MXLV LINDAVISTA,MEXICO ORIENTE
MXA1 ARENAL,DF SUR
MXAY AGUAYO,MEXICO SUR
MXCO CONTRERAS,MEXICO SUR
MXH1 HALACHO,DF SUR
MXHU HUIPULCO,DF SUR
MXII INGLATERRA,MEXICO SUR
MXJR SAN JERONIMO,MEXICO SUR
MXLE LEONES,MEXICO SUR
MXLJ LA JOYA TLALPAN,DF SUR
MXM6 ACOXPA,MEXICO SUR
MXMQ MIGUEL A QUEVEDO,MEXICO SUR
MXOP OLIVAR DE LOS PADRES,MEXICO SUR
MXPE PEDREGAL,MEXICO SUR
MXQU TARASQUILLO,MEXICO SUR
MXSA SANTA ANA,MEXICO SUR
MXSF SOFIA,MEXICO SUR
MXTE SANTA TERESA,MEXICO SUR
MXTR CAMPESTRE,MEXICO SUR
MXXX XOCO,MEXICO SUR
TRLR LAS ROSAS,TORREON
GD3M 3 DE MARZO,GUADALAJARA
GDAC ACUEDUCTO,GUADALAJARA
GDAM AMERICAS,GUADALAJARA
GDAV AVIACION VALLE REAL,GUADALAJARA
GDBU BUGAMBILIAS LOS PINOS,GUADALAJARA
GDDK CHARLES DICKENS,GUADALAJARA
GDEN PUENTE EL PALOMAR,GUADALAJARA
GDEP EPICENTRA,GUADALAJARA
GDGO GLORIETA OBRERO,GUADALAJARA
GDGU GUADALUPE Y PATRIA,GUADALAJARA
GDJU JUAN PALOMAR,GUADALAJARA
GDLC LAZARO CARDENAS,GUADALAJARA
GDLF LOS FRAYLES,GUADALAJARA
GDLR LA RIOJA,GUADALAJARA
GDMA SANTA MARGARITA,GUADALAJARA
GDMC MANUEL ACUÑA,GUADALAJARA
GDMV MONTEVIDEO,GUADALAJARA
GDMZ MONRAZ,GUADALAJARA
GDNA NARANJITOS,GUADALAJARA
GDNM NORMALISTAS,GUADALAJARA
GDPC PABLO CASALS,GUADALAJARA
GDPN PABLO NERUDA,GUADALAJARA
GDPU PATRIA UNIVERSIDAD,GUADALAJARA
GDRL REAL CENTER,GUADALAJARA
GDRS RAFAEL SANZIO,GUADALAJARA
GDTP TEPEYAC,GUADALAJARA
GDVA VALLARTA,GUADALAJARA
GDVC VILLA CALIFORNIA,GUADALAJARA
GDVJ VOLCAN AJUSCO,GUADALAJARA
GLAL ALTAMIRA,GUADALAJARA
CLJM JAVIER MINA,CULIACAN
CLML MILLAN,CULIACAN
HRCH CHANATE,HERMOSILLO
HRCO COLOSIO,HERMOSILLO
HRDG DR AGUILAR,HERMOSILLO
HRDL DEL RIO,HERMOSILLO
HRGR GANADEROS,HERMOSILLO
HRLC LAS CRUCES,HERMOSILLO
HRLL LAS LOMAS,HERMOSILLO
HRMA MARIA MORELOS,HERMOSILLO
HRMO MONTEVERDE,HERMOSILLO
HRMZ MARGARITA MAZA II,HERMOSILLO
HRPN PERIFERICO NORTE,HERMOSILLO
HRPS PINO SUAREZ,HERMOSILLO
HRSE SAN ENRIQUE,HERMOSILLO
HRSO SOLIDARIDAD,HERMOSILLO
HRTB TABASCO,HERMOSILLO
HRVS VILLA SAUCES,HERMOSILLO
OXGA GALEANA,PUEBLA FORANEAS
TLHU HUIXQUILUCAN,HUIXQUILUCAN
ACPE PERIFERICO,ACAPULCO
CEHI HIDALGO,IGUALA
IRGR PROL GUERRERO,IRAPUATO
IRSO PASEO SOLIDARIDAD,IRAPUATO
MMAS PRESIDENCIA LAZARO CARDENAS,URUAPAN-ZAMORA
MMCO LAZARO CARDENAS OCAMPO,LAZARO CARDENAS
LGBO BOCANEGRA,LEON
LGCL CLOUTHIER,LEON
LGCM CAMPESTRE,LEON
LGEC EL CONDADO,LEON
LGGJ GRAN JARDIN,LEON
LGLS LOPEZ MATEOS,LEON
LGME MARIANO ESCOBEDO,LEON
LGPA PASEO DEL MORAL,LEON
LGPC PROL CAMPESTRE,LEON
PELB LIBRES,LIBRES
CLAR ANTONIO ROSALES,CULIACAN
CLCT CENTENARIO,CULIACAN
CLIN INDEPENDENCIA,CULIACAN
CLLC LAZARO CARDENAS,CULIACAN
CLLY LEYVA,LOS MOCHIS
CLRS ROSENDO,CULIACAN
MMNB NICOLAS BRAVO,URUAPAN-ZAMORA
VLLR LOPEZ RAYON,MACUSPANA
PRAC AVILA CAMACHO,VERACRUZ NORTE
PRZA ZARAGOZA,MARTINEZ DE LA TORRE
MMCY CONSTITUYENTES,MATAMOROS
MMFV FRANCISCO VILLA,MATAMOROS
MMHD HIDALGO,MATAMOROS
MMMX MEXICALI,MATAMOROS
MMNV 20 DE NOVIEMBRE,MATAMOROS
MMPC PEDRO CARDENAS 2,MATAMOROS
MMPF PERIFERICO 2,MATAMOROS
MMVL VIA LACTEA,MATAMOROS
TXC3 CORREGIDORA,OAXACA
MAAT ATLANTICO,MAZATLAN
MABH BAHIA,MAZATLAN
MACS CANSECO,MAZATLAN
MAJP JUAN PABLO,MAZATLAN
MAJR JARIPILLO II,MAZATLAN
MALB LOLA BELTRAN,MAZATLAN
MAME MEDITERRANEO,MAZATLAN
MAOP OSCAR PEREZ,MAZATLAN
MASB SABALO,MAZATLAN
MECC CAMARA DE COMERCIO,MERIDA
MECM COLONIA MEXICO,MERIDA
MECY COCOYOLES AQUA,MERIDA
MEGA GARCIA LAVIN,MERIDA
MEGS GRAN SAN PEDRO CHOLUL,MERIDA
MEJU JUAREZ NORTE,MERIDA
MELA LAS AMERICAS,MERIDA
MELL CALLE 50,MERIDA
MEPM PROLONGACION MONTEJO,MERIDA
MLBJ BENITO JUAREZ,MEXICALI
MLCT CETYS VEREDAS,BAJA CALIFORNIA NORTE
MLGO GOMEZ MORIN,BAJA CALIFORNIA NORTE
MLLU LUCERNA,BAJA CALIFORNIA NORTE
MLMB MADERO B,BAJA CALIFORNIA NORTE
MLRM RIVIERA MAYA,BAJA CALIFORNIA NORTE
MLVF VILLAFONTANA,BAJA CALIFORNIA NORTE
MLXO XOCHIMILCO,BAJA CALIFORNIA NORTE
VLES ESTADIO,COATZACOALCOS
MVPG PAPE GUADALAJARA,SALTILLO
MTMM MONTEMORELOS,MONTERREY ORIENTE
MTAD ENRIQUE LIVAS,MONTERREY ORIENTE
MTAI RICARDO MARGAIN,MONTERREY ORIENTE
MTAY ALFONSO REYES,MONTERREY ORIENTE
MTBV PLUS SUCHIATE,MONTERREY ORIENTE
MTCN CARRETERA NACIONAL,MONTERREY ORIENTE
MTCS CALZADA SAN PEDRO,MONTERREY ORIENTE
MTCT CUAUHTEMOC,MONTERREY ORIENTE
MTCW CORPORATIVO,MONTERREY ORIENTE
MTEU REVOLUCION EUROPA,MONTERREY ORIENTE
MTGA GALERIAS,MONTERREY ORIENTE
MTGS GARZA SADA SUR,MONTERREY ORIENTE
MTGT GLORIETA CALZADA,MONTERREY ORIENTE
MTHA HARLEY CARRETERA,MONTERREY ORIENTE
MTHD OBISPADO,MONTERREY ORIENTE
MTJE JERONIMO SILLER,MONTERREY ORIENTE
MTJN PLAZA SAN JERONIMO,MONTERREY ORIENTE
MTLJ LAS JARAS,MONTERREY ORIENTE
MTLN LOS ANGELES,MONTERREY ORIENTE
MTLS LAS AMERICAS,MONTERREY ORIENTE
MTMR MISSOURI,MONTERREY ORIENTE
MTP4 PLAZA 404,MONTERREY ORIENTE
MTPF PLAZA FIESTA,MONTERREY ORIENTE
MTRP RIO DE LA PLATA,MONTERREY ORIENTE
MTRS ROBERTO GARZA SADA,MONTERREY ORIENTE
MTSE SIENNA,MONTERREY ORIENTE
MTSP SAN PEDRO,MONTERREY ORIENTE
MTSU SUCHIATE,MONTERREY ORIENTE
MTTO LAS TORRES,MONTERREY ORIENTE
MTUA UMA,MONTERREY ORIENTE
MTVC VALLE DEL CONTRY,MONTERREY ORIENTE
MTVL VALLE ALTO,MONTERREY ORIENTE
MTVO VALLE ORIENTE,MONTERREY ORIENTE
MTVP VASCONCELOS PONIENTE,MONTERREY ORIENTE
MTVS VALLE DE SANTIAGO,MONTERREY ORIENTE
MTAO APODACA,MONTERREY PONIENTE
MTBA BARRAGAN,MONTERREY PONIENTE
MTBC BARCELONA,MONTERREY PONIENTE
MTCB CUMBRES MADEIRA,MONTERREY PONIENTE
MTCM CUMBRES DE LOS ALPES,MONTERREY PONIENTE
MTCU PLAZA LOS LEONES,MONTERREY PONIENTE
MTDA ADANA LINCOLN,MONTERREY PONIENTE
MTGL LAS GALIAS,MONTERREY PONIENTE
MTJA JARDINES DE ANAHUAC,MONTERREY PONIENTE
MTLE LA ENCOMIENDA,MONTERREY PONIENTE
MMBU BUCARELI,MORELIA
MMCI CD INDUSTRIAL,MORELIA
MMCR CARPINTEROS DE PARACHO,MORELIA
MMER ENRIQUE RAMIREZ,MORELIA
MMGH GALERIAS LA HUERTA,MORELIA
MMLR LA REPUBLICA,MORELIA
MMNA NOCUPETARO,MORELIA
MMPA PALOMA,MORELIA
OXDB DEL BOSQUE,OAXACA
OXSI SIMBOLOS PATRIOS,OAXACA
OXSV SIX VIGUERA,OAXACA
OXUN UNIVERSIDAD,OAXACA
GDOC OCOTLAN,OCOTLAN
TLGR GENERAL REGULARES,TOLUCA FORANEAS
PACH CHACON,PACHUCA
PASA SAN JAVIER,PACHUCA
PAUN UNIVERSIDAD,PACHUCA
PAZP ZONA PLATEADA II,PACHUCA
MMIB IBARRA,PATZCUARO
MMPQ PARROQUIA GUADALUPE,URUAPAN-ZAMORA
QRPB PEDRO ESCOBEDO,PEDRO ESCOBEDO
CN30 CALLE 30,PLAYA DEL CARMEN
CN50 AV 50 NORTE,CANCUN
CN52 CALLE 52,CANCUN
CNAR ARCO VIAL,CANCUN
CNJ1 JUAREZ 115,CANCUN
CNJU JUAREZ,CANCUN
CNMC MAYA COBA,CANCUN
CNXK XKABEK,CANCUN
PRFE FEDERAL,POZA RICA
PRLC LAZARO CARDENAS,VERACRUZ NORTE
PE12 CHOLULA 12 PONIENTE,PUEBLA
PEAL AVENTURA LOMAS,PUEBLA
PEAS LAS ANIMAS,PUEBLA
PEAT BOULEVARD ATLIXCO,PUEBLA
PECE CENTRO,PUEBLA
PECG CUAUTLANCINGO,PUEBLA
PEFR FRAILES,PUEBLA
PEJS JARDINES DE SAN MANUEL,PUEBLA
PELA LOMAS DE ANGELOPOLIS,PUEBLA
PELN LA NORIA,PUEBLA
PELR LATERAL LOMAS,PUEBLA
PEMG MAGESTIC II,PUEBLA
PEMO METROPOLITANO,PUEBLA
PEMZ MARZALA,PUEBLA
PEPL PLAZA BOSQUES,PUEBLA
PESN SAN ANDRES,PUEBLA
PESU 14 SUR,PUEBLA
PEUD UDLA 5 DE MAYO,PUEBLA
PEUR REFORMA AGUA AZUL,PUEBLA
PVFL FLUVIAL,PUERTO VALLARTA
PVLM LA MARINA,PUERTO VALLARTA
PVOP OPALO,PUERTO VALLARTA
PVVD VALLE DORADO,PUERTO VALLARTA
PVVU VILLAS UNIVERSIDAD,PUERTO VALLARTA
QR5F 5 DE FEBRERO,QUERETARO
QRAZ PLAZA SUR,QUERETARO
QRCA CAMPESTRE,QUERETARO
QRCG CORREGIDORA,QUERETARO
QRCT CITADINA,QUERETARO
QREN ENSUEÑO,QUERETARO
QRJD JARDINES DE QUERETARO,QUERETARO
QRJN JARDINES,QUERETARO
QRLA ALAMOS,QUERETARO
QRLS CAMPANARIO PLUS,QUERETARO
QRPD LA PRADERA,QUERETARO
QRPS PUERTA DEL SOL,QUERETARO
QRRE EL REFUGIO,QUERETARO
QRSR CENTRO SUR,QUERETARO
QRUN UNIVERSITARIO,QUERETARO
TIJU JUAREZ,BAJA CALIFORNIA NORTE
CLAD AGUA DULCE,CELAYA
CLHO HOSPITAL,SALAMANCA
CLMO MORELOS,CELAYA
CLSL SALAMANCA,CELAYA
TXGY GUAYMAS,SALINA CRUZ
CHLT LATINOAMERICANA,SALTILLO
CHLV LOS VALDEZ,SALTILLO
CHMU JOSE MUSA,SALTILLO
CHPF PERIFERICO,SALTILLO
CHRC PUENTE REAL COLOSIO,SALTILLO
QRJI SAN JOSE ITURBIDE,CELAYA
QRHG HIDALGO,QUERETARO
SACM CAMPESTRE,SAN LUIS POTOSI
SAFT FERNANDO TORRES,SAN LUIS POTOSI
SAH2 HIMALAYA,SAN LUIS POTOSI
SAJU JULIO VERNE,SAN LUIS POTOSI
SALM LOMAS,SAN LUIS POTOSI
SALT LOMAS DEL TECNOLOGICO,SAN LUIS POTOSI
SAME LAS MERCEDES,SAN LUIS POTOSI
SAPD PEDREGAL,SAN LUIS POTOSI
SASE SENDERO,SAN LUIS POTOSI
CLLD LA ALDEA,CELAYA
TXHU HUATULCO,SANTA CRUZ HUATULCO
TLSG SANTIAGO CENTRO,SANTIAGO TIANGUISTENCO
MMTC TACAMBARO,TACAMBARO
TMCO COLON,TAMPICO
TMFA AVENIDA HIDALGO,TAMPICO
TMFO REGIONAL,TAMPICO
TMMA TAMPICO MANTE,TAMPICO
TMPS LOS PINOS,TAMPICO
TMRO ROSALES,TAMPICO
TMUN UNIDAD NACIONAL,TAMPICO
TPCA CADELATOS,TAPACHULA
TPLA LAURELES,TAPACHULA
TPOR 25 ORIENTE,TAPACHULA
TPSP SUC. PLAZA,TAPACHULA
ACTC TECPAN,ACAPULCO
PEAC ARCADIA,PUEBLA FORANEAS
PES2 REFORMA SUR,TEHUACAN
TLLA ALAMEDA,TENANCINGO
TLCM AV CALIMAYA,TOLUCA FORANEAS
TCAL ALLENDE,TEPIC
TCCV CIUDAD DEL VALLE,TEPIC
TCMR MIRAVALLE,TEPIC
XLXA XALAME,VERACRUZ NORTE
TICA CASTRO,BAJA CALIFORNIA NORTE
TICO COCHIMIE,BAJA CALIFORNIA NORTE
TICT CALZADA TECNOLOGICO,BAJA CALIFORNIA NORTE
TIER ERMITA,BAJA CALIFORNIA NORTE
TIGL GOBERNADOR LUGO,BAJA CALIFORNIA NORTE
TIJR ROSARITO II,BAJA CALIFORNIA NORTE
TILL LLANTERA,BAJA CALIFORNIA NORTE
PAPP PLAZA PIRULES,TIZAYUCA
PRTL TLAPACOYAN,TLAPACOYAN
PESP SAN PABLO DEL MONTE,PUEBLA FORANEAS
TLAL ALFREDO DEL MAZO,TOLUCA
TLAM ALFREDO DEL MAZO II,TOLUCA
TLCT COMONFORT,TOLUCA
TLLP LA PURISIMA,TOLUCA
TLLV LEONA VICARIO,TOLUCA
TLME METEPEC,TOLUCA
TLSC SAN CARLOS,TOLUCA
TLTC TECNOLOGICO,TOLUCA
TLZC ZINACANTEPEC,TOLUCA
TPLF LAS FLORES,TONALA
TRRA RIO AMAZONAS,TORREON
TRSN SENDEROS,TORREON
TRTA LA ROSITA,TORREON
CNC4 COBA TULUM,CANCUN
PRRH REYES HEROLES,TAMPICO
TXBI BICENTENARIO,TUXTLA
TXBN BONAMPAK,TUXTLA
TXCP CAMPESTRE,TUXTLA
TXLL LAURELES,TUXTLA
TXNP 5A. NTE. PTE.,TUXTLA GUTIERREZ
TXPI PLATINO,TUXTLA
TXRR TERRAZAS,TUXTLA GUTIERREZ
TXSR SAN ROQUE,TUXTLA GUTIERREZ
TXSU SUBALSA,TUXTLA
TXTA TAXCO,TUXTLA GUTIERREZ
MMUT BOULEVARD URIANGATO,MORELIA
MMBI BOULEVARD INDUSTRIAL,URUAPAN
MMIN PARIS,URUAPAN
MMPJ PROLONGACION JALISCO,URUAPAN
MMPU PASEO URUAPAN,URUAPAN-ZAMORA
VRBU BOULEVARD RIVIERA,VERACRUZ
VRC7 CALLE 7,VERACRUZ
VRCE COSTA EXPRESS,VERACRUZ
VRCO COLON,VERACRUZ
VRJB JB LOBOS,VERACRUZ
VRPL PLAYAS DEL CONCHAL,VERACRUZ
VRRE REFORMA,VERACRUZ
VRRZ RUIZ CORTINES,VERACRUZ
VRTA TAMPIQUERA,VERACRUZ
VRVR COSTA VERDE 2,VERACRUZ
MTEA EL CERCADO,MONTERREY ORIENTE
TXMH MIGUEL HIDALGO,VILLAFLORES
VLCI CIUDAD INDUSTRIAL,VILLAHERMOSA
VLGU GUACAMAYOS,TABASCO
VLSK SAMARKANDA,TABASCO
VLUN UNIVERSIDAD,TABASCO
XLAN ANIMAS,VERACRUZ NORTE
XLFE FERROCARRILERA,VERACRUZ NORTE
XLNB NICOLAS BRAVO,XALAPA
XLPI PRINCIPAL,VERACRUZ NORTE
CASJ SAN JUAN,CUERNAVACA
MMLL LA LUNETA,URUAPAN-ZAMORA
ACOP COPACABANA,ACAPULCO
CO2N 20 DE NOVIEMBRE,COATZACOALCOS
PEA1 APIZACO 16 DE SEPTIEMBRE,PUEBLA FORANEAS
TLMP CUATRO MILPAS,ATLACOMULCO
PEFE FERROCARRILES,ATLIXCO
ACAT ATOYAC,ACAPULCO
CNPZ PLAZA DE TOROS,CANCUN
MMAB ABASOLO,CD HIDALGO
TLFO FERNANDO OROZCO,CD SAN FELIPE DEL PROGRESO
CLTE TECNOLOGICO,CELAYA
CICT CAFETALES,CHIHUAHUA
CIER EL RELIZ,CHIHUAHUA
CIHV HACIENDAS DEL VALLE,CHIHUAHUA
CBPS PARQUE SAN JOSE,VERACRUZ
CEDD DOMINGO DIEZ,CUERNAVACA
CESD SAN DIEGO,CUERNAVACA
MXFM FILOMENO MATA,MEXICO CENTRO
MXSO SONORA,MEXICO CENTRO
MXXO XOLA,DF CENTRO
MXCJ CIRUJANOS,DF NORTE
MXEN REENCARNACION,MEXICO NORTE
MXLH LA HERRADURA,MEXICO NORTE
MXAG ARAGON,MEXICO ORIENTE
MXHC HEROES TECAMAC,DF ORIENTE
MXN1 NEZAHUALCOYOTL,DF ORIENTE
MXAN SAN ANGEL,DF SUR
MXAX AZTECAS,DF SUR
MXCN CENTENARIO,MEXICO SUR
MXXH XOCHIMILCO,MEXICO SUR
GD7C 7 COLINAS,GUADALAJARA
GDJS JARDINES DE CHAPALITA,GUADALAJARA
PEAO ALLENDE ORIENTE,HUAMANTLA
CBHU HUATUSCO,HUATUSCO
CEJO JOJUTLA,CUERNAVACA
LGAT ASTURIAS,LEON
MAIG INSURGENTES,MAZATLAN
MLIN INDEPENDENCIA,BAJA CALIFORNIA NORTE
MTTE TECNOLOGICO,MONTERREY ORIENTE
MMHR HACIENDA DEL RINCON,MORELIA
MMKA KATARA ALTOZANO,MORELIA
MMMM MARIANO MICHELENA,MORELIA
MMRU REAL UNIVERSIDAD,MORELIA
OXPC PERIFERICO CENTRAL CAMIONERA,OAXACA
OXOC OCOTLAN,OCOTLAN OAXACA
PACL COLOSIO,PACHUCA
PAP2 PACHUQUILLA II,PACHUCA
PARP PASEO DEL ROBLE,PACHUCA
VLBJ BENITO JUAREZ,PALENQUE
PRVC VENUSTIANO CARRANZA,PAPANTLA
PRNT 2 NORTE,VERACRUZ NORTE
PE17 17 PONIENTE,PUEBLA
PEDG SAN DIEGO,PUEBLA
PEGP GABRIEL PASTOR,PUEBLA
QRJO JOSEFA ORTIZ DE DOMINGUEZ,QUERETARO
QRM9 MORELOS,QUERETARO
LGJR JUVENTINO ROSAS,LEON
LGFS FERIA SILAO,SILAO
TMMR NECAXA,TAMPICO
PETH TECAMACHALCO II,TECAMACHALCO
TLCR SAN JOSE EL CUARTEL,TENANCINGO
TLNB NARCISO BASSOL,TENANGO DEL VALLE
CRSE SERDAN,TIERRA BLANCA
TLBE BELLAVISTA,TOLUCA
TLCA CARRANZA,TOLUCA
TLCO COLON,TOLUCA
TLMO MORELOS,TOLUCA
TLPS 16 DE SEPTIEMBRE,TOLUCA
TRST SIGLO DE TORREON,TORREON
PACT CATEDRAL,PACHUCA
PASF SAN FRANCISCO,TULANCINGO
TXGU GUATEMALA,TUXTLA GUTIERREZ
TXPL PLAN DE AYALA,TUXTLA
TXSF SAN FRANCISCO,TUXTLA GUTIERREZ
MMAT ATLETISMO,URUAPAN
PEZX ZACAPOAXTLA,PUEBLA FORANEAS
ACZJ LA ZANJA,ACAPULCO
AGPP PULGAS PANDAS,AGUASCALIENTES
CPME MERCADO,CD DEL CARMEN
CPPP PUERTO PROGRESO,CD DEL CARMEN
CPRL RELOJ,MERIDA
CLEC EJE CLOUTHIER,CELAYA
CLMA MANUEL OROZCO,CELAYA
CIPV PASEO DE LA VICTORIA,CHIHUAHUA
CITR TRONCOSO,CIUDAD JUAREZ
MXHR HORACIO,MEXICO CENTRO
MXNI NIZA,DF CENTRO
MXFG FUENTES DE ARAGON,MEXICO ORIENTE
MXEK ESTRELLA ERRANTE,DF SUR
MXNX NECAXA,DF SUR
MXXN PLAN SEXENAL,MEXICO SUR
GDFZ FELIPE ZETTER,GUADALAJARA
BSCR CAMINO REAL,BAJA CALIFORNIA SUR
BSLG LAS GARZAS,BAJA CALIFORNIA SUR
BSMJ MUJICA,BAJA CALIFORNIA SUR
MMLP LAS PALMAS,LAZARO CARDENAS
LGAL CAÑAVERAL,LEON
MAFC FARMACIA CAVAZOS,MAZATLAN
CHMT MONTESORI,SALTILLO
MVTC TECNOLOGICO,SALTILLO
MTM1 MIGUEL DE LA MADRID,MONTERREY PONIENTE
MTV3 VALLE DE LINCOLN,MONTERREY PONIENTE
MMLB LIBRAMIENTO,MORELIA
ORS2 SUR 25,ORIZABA
PEDE DEFENSORES,PUEBLA
PEES ESTADIO CUAUHTEMOC,PUEBLA
PEEX EXPRESS,PUEBLA
PEHX HUEXOTITLA,PUEBLA
QMSI MONTE SINAI,QUERETARO
QRGM GOMEZ MORIN,QUERETARO
QRLD LOMA DORADA,QUERETARO
QRMA MONEDA,QUERETARO
QRPF PEÑA FLOR,QUERETARO
RNRB UNI RIO BRAVO,REYNOSA
SAEM EMILIO ARIZPE,SALTILLO
SAPC PRESIDENTE CARDENAS II,SALTILLO
SLNR NARRO ROBLES,SALTILLO
SLPT LOS PASTORES,SALTILLO
QRRG RIO GRANDE,SAN JUAN DEL RIO
SASP SAN PEDRO,SAN LUIS POTOSI
TMFC CENTRO,TAMPICO
TP7A 7A NORTE,TAPACHULA
TPGN GERANIOS,TAPACHULA
TPNA NARANJOS,TAPACHULA
PETP TEPEACA,TEPEACA
PEJB JARDIN BOTANICO,TLAXCALA
TLJV SAN JAVIER,TOLUCA
TLPL PASEO DE LA LUZ,TOLUCA
PALC LAZARO CARDENAS,PACHUCA
PALI LIBRAMIENTO,PACHUCA
TXAB ALBANIA,TUXTLA GUTIERREZ
TXAE AEROPUERTO,TUXTLA GUTIERREZ
TX14 14 PONIENTE,VILLAFLORES
VLLI LA ISLA,TABASCO
VLPE PEDRO C COLORADO,VILLAHERMOSA
XLMA MIGUEL ALEMAN,VERACRUZ NORTE
XLPO PONIENTE,XALAPA
ACPR PROSPERIDAD,CHILPANCINGO
TXC2 CINTALAPA II,TUXTLA
COCO CORREOS,COSOLEACAQUE
CELU LA LUNA,CUERNAVACA
MXAF ADOLFO LOPEZ MATEOS,DF NORTE
MXTM TECAMACHALCO,DF NORTE
MXOG OJO DE AGUA II,DF ORIENTE
GDLM LOPEZ MATEOS LA VILLA,GUADALAJARA
GDRD RUBEN DARIO,GUADALAJARA
HRML MALIBU,HERMOSILLO
HRKI KINO,HERMOSILLO
LGMM JOSE MARIA MORELOS,LEON
MTZR ZARAGOZA,MONTERREY PONIENTE
MMMN MANANTIALES,MORELIA
LRDG DEGOLLADO,NUEVO LAREDO
LRG2 GUERRERO II,NUEVO LAREDO
LRMO MONTERREY,NUEVO LAREDO
LRYC YUCATAN,NUEVO LAREDO
OXFM FLORES MAGON,OAXACA
PACD C DORIA,PACHUCA
SLSC SANTO CRISTO,SALTILLO
PEBO BUENOS AIRES,PUEBLA FORANEAS
PRVT VICTORIA,TAMPICO
TMAR ARENAL,TAMPICO
TICC CHAPULTEPEC,BAJA CALIFORNIA NORTE
TIEZ GOMEZ,TIJUANA
PETO TLAXCALA CENTRO,PUEBLA FORANEAS
TLJC JESUS CARRANZA,TOLUCA
PAMO MELCHOR OCAMPO,TULA DE ALLENDE
VRAO ACUARIO,VERACRUZ
MLIS ISLAS AGRARIAS,BAJA CALIFORNIA NORTE
OXTE TECNOLOGICO,OAXACA
PASC CONSTITUYENTES,PACHUCA
PELO LORETO,PUEBLA
LRCT CRUCERITO,NUEVO LAREDO
RNPR LOPEZ PORTILLO,REYNOSA
DGLP LOMAS DEL PARQUE,DURANGO
TMMS MATEOS,TAMPICO
BSCJ CANGREJOS,BAJA CALIFORNIA SUR
RNMP MORELOS PEROTE,REYNOSA
HRNI NAINARI II,HERMOSILLO
DGCR CARNATION,DURANGO
MMRT RIGO TOVAR,MATAMOROS
PEHS HERMANOS SERDAN,PUEBLA
RNBV BELLA VISTA,REYNOSA
RNLL CALLE 9,REYNOSA
TBBC BICENTENARIO COUNTRY,TABASCO
BSPP PLAZA PATIOS,BAJA CALIFORNIA SUR
LRSF SAN RAFAEL,NUEVO LAREDO
HR00 200,HERMOSILLO
DGHR HEROICO,DURANGO
BSLV LEONA VICARIO,BAJA CALIFORNIA SUR
RNHO HIDALGO ORBE,REYNOSA
RNBH BLVD HIDALGO,REYNOSA
RNPK PEKIN,REYNOSA
TMHR HERRADURA,TAMPICO
AGCA CAMPESTRE,AGUASCALIENTES
MXP1 TEPEPAN,MEXICO SUR
MXC7 CAMINO REAL,MEXICO SUR
BSST SANTA FE II,BAJA CALIFORNIA SUR
CLCL CELENES,CULIACAN
MMDM DEPORTIVO MATAMOROS,MATAMOROS
RNAL ALCALA,REYNOSA
SAVA VILLA ANTIGUA,SAN LUIS POTOSI
TMMT CAMPESTRE,TAMPICO
CNPC PLAZA PUERTO CANCUN,CANCUN
HRMC MICHOACAN,HERMOSILLO
CN1S 11 SUR,CANCUN
DGRF EL REFUGIO,DURANGO
DGNT NEGRETE,DURANGO
GDTU TLAQUEPAQUE NIÑOS HEROES,GUADALAJARA
HRSC SACRAMENTO,HERMOSILLO
HRLG LAS GRANJAS,HERMOSILLO
MTGR GARCIA RODRIGUEZ,MONTERREY ORIENTE
MMSE SEXTA Y EJERCITO NACIONAL,MATAMOROS
MLCV CAMINO VIEJO,MEXICALI
HRNV NAVOJOA 1,HERMOSILLO
LREH ENDO HOSPITAL,NUEVO LAREDO
RNMT MATERNO,REYNOSA
RNDT DIAMANTE,REYNOSA
RNCM COLEGIO MILITAR RIO BRAVO,REYNOSA
MLC7 CALLE 7,BAJA CALIFORNIA NORTE
VRHT AHUATENO,VERACRUZ NORTE
JZPO PORVENIR,CHIHUAHUA
MXEY LA ERA,DF NORTE
MXL2 LEO,MEXICO SUR
MXP0 PEÑA POBRE,MEXICO SUR
DGFP FELIPE PESCADOR,DURANGO
GDWS WASHINGTON,GUADALAJARA
CLPY PAYAN,CULIACAN
HRAA ANGEL ARREOLA,HERMOSILLO
VRCF COMONFORT,VERACRUZ NORTE
MMDN DIVISION DEL NORTE,MATAMOROS
MMGL GOBERNACION Y LAURO VILLAR,MATAMOROS
MEDZ DZITYA REAL MONTEJO,MERIDA
ML18 18 DE MARZO,MEXICALI
MTPX LOS PINOS,MONTERREY PONIENTE
PENT 117 PONIENTE,PUEBLA
RNSF SANTA FE,REYNOSA
TMLS LA SALLE,TAMPICO
TMJD JARDINES,TAMPICO
TMCA CARRERA,TAMPICO
TLZB ZIMBRONES,TOLUCA
TXVH VISTA HERMOSA,TUXTLA
TXZO ZOCALO,TUXTLA
VRLP LOS ALPES,VERACRUZ NORTE
CIFM FLORES MAGON,CHIHUAHUA
CEPR PALMIRA II,CUERNAVACA
CLGU GAS UNIVERSITARIOS,CULIACAN
MXCH CHURUBUSCO,DF CENTRO
MXFC FELIX CUEVAS,DF CENTRO
MXDN DIVISION DEL NORTE,MEXICO SUR
DGAL ARBOLEDAS,DURANGO
DGFV FRANCISCO VILLA,DURANGO
HRIS IGNACIO SOTO,HERMOSILLO
IRSP SAN PEDRO,IRAPUATO
MTLR LINARES,MONTERREY ORIENTE
ME50 50 SUR,MERIDA
GDII OCOTLAN II,GUADALAJARA
ACJA JUAN N ALVAREZ,OMETEPEC
PALP LAS PALOMAS,PACHUCA
LRBT BARATITO,NUEVO LAREDO
PECN CIRCUNVALACION,PUEBLA
SATP THE PARK,SAN LUIS POTOSI
TMTI TIJERINA,TAMPICO
TMTC TANCOL,TAMPICO
ACLF LA FLORIDA,ACAPULCO
PETF TEPEACA FEDERAL,TEPEACA
TCBO BOMBEROS,TEPIC
TILA LAS AMERICAS,BAJA CALIFORNIA NORTE
TIPK PADRE KINO,BAJA CALIFORNIA NORTE
PEOM LA LOMA,TLAXCALA
TXPM LAS PALMAS,TUXTLA
VLP1 PACIFICO,VILLAHERMOSA
RNAZ ANZALDUAS,REYNOSA
GDMX AV MEXICO,GUADALAJARA
MLJU JUSTO SIERRA II,MEXICALI
PEFA FEDERAL ATLIXCO,PUEBLA FORANEAS
VROR COATEPEC LA ORDUÑA,VERACRUZ NORTE
CEDL DELICIAS,CUERNAVACA
CETA TARIANES,CUERNAVACA
MXBB BALBUENA,DF CENTRO
MXUO TULTEPEC COACALCO,DF NORTE
MXHN LA HABANA,DF SUR
MXJB SAN JUAN BOSCO,DF SUR
MXTB LA TURBA,DF SUR
PAVS VALLE DE SAN JAVIER,PACHUCA
PRHK HERIBERTO KEHEO,POZA RICA
PVGV GAVIOTAS,PUERTO VALLARTA
QRAR ARCOS,QUERETARO
MLNL NUEVO LEON,SAN LUIS RIO COLORADO
TICB CASA BLANCA,TIJUANA
TXGR GRIJALVA,TUXTLA GUTIERREZ
CENI NUEVA ITALIA,CUERNAVACA
CIMI MIRADOR,CHIHUAHUA
TX1S 1A SUR,COMALAPA
MXVC VENTISCAS,DF NORTE
GDEX EXPERIENCIA,GUADALAJARA
PEC9 CAMINO REAL A CHOLULA,PUEBLA
SLLF LA FRAGUA,SALTILLO
MXLC PLAZA DE LA CONSTITUCION,TEXCOCO
VRPM PALMAS,VERACRUZ NORTE
MXGU GUADALUPE,MEXICO ORIENTE
GDCL CLOUTHIER,GUADALAJARA
MMPL PIPILA,MORELIA
LGAO ALVARO OBREGON,LEON
GDPX POLITECNICO,GUADALAJARA
TXLR LA RIVIERA,JUCHITAN
MTCI CIRCUNVALACION,MONTERREY PONIENTE
TPCT CATEDRAL,TAPACHULA
PAMN MORELOS NORTE,TULANCINGO
CINO 20 DE NOVIEMBRE,CHIHUAHUA
MXFO LA FLORESTA,DF ORIENTE
MXGN GANADEROS,DF SUR
GDCH CHARRASQUIS,GUADALAJARA
PEC3 CUATRO CAMINOS,PUEBLA
MLMC MONTE CARLO,BAJA CALIFORNIA NORTE
BSRO ROSARITO II,BAJA CALIFORNIA SUR
GDMO MADERO,GUADALAJARA
MTND LINDA,MONTERREY PONIENTE
LRMP MUNICIPIO LIBRE,NUEVO LAREDO
AGVV VIVANTA,AGUASCALIENTES
MLUX UXMAL,BAJA CALIFORNIA NORTE
CLNR NORORIENTE,CELAYA
MXMA AMANALCO,MEXICO NORTE
MTMS MISIONES,MONTERREY ORIENTE
TXFC FRONTERA COMALAPA,COMALAPA
HRTT TUTULI,HERMOSILLO
MTHO HOSPITAL,MONTERREY ORIENTE
MTUL JUDEL,MONTERREY PONIENTE
MMPP PLAZA PONIENTE,MORELIA
PAEC EL CUARTEL,PACHUCA
PELH LOS HEROES,PUEBLA
GDRT RAMON CORONA TEC,GUADALAJARA
CTJC JUAREZ,MERIDA
LRAH AVILA CAMACHO,NUEVO LAREDO
PETN TEPEACA 2 NORTE,TEPEACA
GDEM ESTAMPIDA,GUADALAJARA
TIJA JAUJA,BAJA CALIFORNIA NORTE
TIAP LA PERLA,BAJA CALIFORNIA NORTE
PVMZ MEZCALES,PUERTO VALLARTA
HREC ELIAS CALLES,HERMOSILLO
MTES LAS ESTACIONES,MONTERREY PONIENTE
MTTA TAURO,MONTERREY PONIENTE
TMDM DIAZ MIRON,TAMPICO
TILR DEL RIO,BAJA CALIFORNIA NORTE
PEMF MIRAFLORES,PUEBLA FORANEAS
TXR2 RETIRO II,TUXTLA
TMHI HOMBRES ILUSTRES,TAMPICO
CNAU AUTODROMO,CANCUN
ACAPULCO,ACAPULCO
AGUASCALIENTES,AGUASCALIENTES
BAJA CALIFORNIA NORTE,BAJA CALIFORNIA NORTE
BAJA CALIFORNIA SUR,BAJA CALIFORNIA SUR
CANCUN,CANCUN
CELAYA,CELAYA
CHIHUAHUA,CHIHUAHUA
COATZACOALCOS,COATZACOALCOS
CUERNAVACA,CUERNAVACA
CULIACAN,CULIACAN
DURANGO,DURANGO
GUADALAJARA,GUADALAJARA
HERMOSILLO,HERMOSILLO
IRAPUATO,IRAPUATO
LEON,LEON
MATAMOROS,MATAMOROS
MAZATLAN,MAZATLAN
MERIDA,MERIDA
MEXICO CENTRO,MEXICO CENTRO
MEXICO NORTE,MEXICO NORTE
MEXICO ORIENTE,MEXICO ORIENTE
MEXICO SUR,MEXICO SUR
MONTERREY ORIENTE,MONTERREY ORIENTE
MONTERREY PONIENTE,MONTERREY PONIENTE
MORELIA,MORELIA
NUEVO LAREDO,NUEVO LAREDO
OAXACA,OAXACA
PACHUCA,PACHUCA
PUEBLA,PUEBLA
PUEBLA FORANEAS,PUEBLA FORANEAS
PUERTO VALLARTA,PUERTO VALLARTA
QUERETARO,QUERETARO
REYNOSA,REYNOSA
SALTILLO,SALTILLO
SAN LUIS POTOSI,SAN LUIS POTOSI
TABASCO,TABASCO
TAMPICO,TAMPICO
TAPACHULA,TAPACHULA
TEPIC,TEPIC
TOLUCA,TOLUCA
TOLUCA FORANEAS,TOLUCA FORANEAS
TORREON,TORREON
TUXTLA,TUXTLA
URUAPAN-ZAMORA,URUAPAN-ZAMORA
VERACRUZ,VERACRUZ
VERACRUZ NORTE,VERACRUZ NORTE
BSLB LAS BRISAS,BAJA CALIFORNIA SUR
IRVL VILLAS DE IRAPUATO,IRAPUATO
MLGV GRAN VENECIA,BAJA CALIFORNIA NORTE
MTCA CALZADA,MONTERREY ORIENTE
MTRH RIO RHIN,MONTERREY ORIENTE
SLTN TERRANOVA,SALTILLO
CETL TELOLOAPAN,NO IDENTIFICADO
CLMB MARIANO BALLEZA,NO IDENTIFICADO
PETE TECAMACHALCO,NO IDENTIFICADO
TXTR CALZADA TERAN,NO IDENTIFICADO
ACCT COSTERA,ACAPULCO
CHCV PLAZA CAMINO DEL VALLE,CHIHUAHUA
CLAV AVENIDA IRRIGACION,CELAYA
JZGL GLORIETA DE LOS AZTECAS,CHIHUAHUA
MTER CHEPEVERA,MONTERREY ORIENTE
PAST SANTA CATARINA,NO IDENTIFICADO
"PEHA TEHUACANERA
",PUEBLA FORANEAS
TIAJ ARANJUEZ,NO IDENTIFICADO
TXPB PLAZA BOULEVARD SC,NO IDENTIFICADO
ACCH MERCADO,NO IDENTIFICADO
CNNI NICHUPTE,NO IDENTIFICADO
TISO SOLEDAD,NO IDENTIFICADO
CLAS ARBOLEDAS,NO IDENTIFICADO
CISA SAN ANTONIO 2,NO IDENTIFICADO
CEGA GUACAMAYAS,NO IDENTIFICADO
CLLB LIBERTAD 2,CULIACAN
GDMS MIRADOR DEL SOL,GUADALAJARA
GDTL TLAQUEPAQUE,GUADALAJARA
MAAR ALARCÓN 3,MAZATLAN
MXCX EL CERRITO,NO IDENTIFICADO
MXUL TULTITLAN ORIENTE,NO IDENTIFICADO
MTIO RIO,NO IDENTIFICADO
OXXL XOXO LAURELES,OAXACA
QRFJ FRAY JUNIPERO,NO IDENTIFICADO
RNVH VISTA HERMOSA,REYNOSA
RNVP VALLE DE LA PAZ II,NO IDENTIFICADO
SAFL FLEMING,NO IDENTIFICADO
TLSJ SOR JUANA,TOLUCA
TLSL SAN LORENZO,NO IDENTIFICADO
VRCB CALABRIA,VERACRUZ NORTE
CIST SATELITE,CHIHUAHUA
GDJL JUAN GIL PRECIADO,GUADALAJARA
HRAN ARENA,HERMOSILLO
CHJP JARDINES DEL CAMPESTRE,CHIHUAHUA
BSAJ AGUAJITOS II,BAJA CALIFORNIA SUR
QRPH PUENTE DE LA HISTORIA,QUERETARO
GDTN TERCER ANILLO,GUADALAJARA
BSRC RUIZ CORTINEZ,BAJA CALIFORNIA SUR
LRMG DR MIER Y OBREGON,NUEVO LAREDO
PAGB GLORIETA G BONFIL,PACHUCA
MTNE NUEVA ESPAÑA,MONTERREY ORIENTE
LRMC MACRO,NUEVO LAREDO
LRMS MEDICO ESPECIALIDADES,NUEVO LAREDO
MMMB MIL CUMBRES,MICHOACAN
MTEI MORERIAS,MONTERREY ORIENTE
GDRV REAL DE VISTA HERMOSA,GUADALAJARA
PEHG HIDALGO,PUEBLA
CIRJ RIO DE JANEIRO,CHIHUAHUA
DGTR DOLORES DEL RIO,DURANGO
TMLE LUIS ECHEVERRIA,TAMPICO
CHCN CORREDOR MENONITA,CHIHUAHUA
LRPC PASEO DE LAS CIENCIAS,NUEVO LAREDO
MTS2 CASA BLANCA,MONTERREY PONIENTE
MMNR MONTAÑA MONARCA,MICHOACAN
MLEU EUCALIPTO,BAJA CALIFORNIA NORTE
AGCP COLINAS DEL PADRE,AGUASCALIENTES
MLRC RIO CHAMPOTON,BAJA CALIFORNIA NORTE
MLSU INSURGENTES,BAJA CALIFORNIA NORTE
RNPX PRAXEDIS,REYNOSA
UZMA MAGISTERIAL,MICHOACAN
GDLH LOMAS DE VISTA HERMOSA,GUADALAJARA
QRRI CAMPANARIO NORTE,QUERETARO
TICE CEDROS,BAJA CALIFORNIA NORTE
DGPV LAS PRIVANZAS,DURANGO
MTTN CENTRO DE ALLENDE,MONTERREY ORIENTE
OXTT TRANSISTMICA,OAXACA
PRMT MARTINEZ DE LA TORRE,VERACRUZ NORTE
QRBQ PROVINCIA JURIQUILLA,QUERETARO
SLMS MISIONES,SALTILLO
GDMH MARIA AHUMADA,GUADALAJARA
CPNN LOS CAÑONES,MERIDA
MTSR SAGITARIO,MONTERREY ORIENTE
PALM ADOLFO LOPEZ MATEOS,PACHUCA
QRTV TERRANOVA,QUERETARO
VRPP PLAZA PROGRESO,VERACRUZ
OXSL SAN FELIPE,OAXACA
SART RUTILO TORRES,SAN LUIS POTOSI
MT2T MONTEMORELOS CENTRO,MONTERREY ORIENTE
OXDM DEL MAESTRO,OAXACA
MXET EJE CENTRAL,MEXICO CENTRO
TMBT BICENTENARIO,TAMPICO
PROB OBRERA,VERACRUZ NORTE
BSUD UNIVERSIDAD,BAJA CALIFORNIA SUR
PEHA TEHUACANERA,PUEBLA FORANEAS
TIPE PLUTARCO ELIAS CALLES,BAJA CALIFORNIA NORTE
PR2N 20 DE NOVIEMBRE,VERACRUZ NORTE
VRNH NIÑOS HEROES,VERACRUZ NORTE
XLIA IGNACIO ALLENDE,VERACRUZ NORTE
XLMU MUSEO,VERACRUZ NORTE
XLMV MURILLO VIDAL,VERACRUZ NORTE
BSFR 5 DE FEBRERO,BAJA CALIFORNIA SUR
ACGI GALERIAS,ACAPULCO
CBI2 INDEPENDENCIA 2,COATZACOALCOS
OXPD PORFIRIO DIAZ,OAXACA
XLCT CASTILLO,VERACRUZ NORTE